{"class":"Image.Calibration.CameraModel","data":{"CameraID":"","ImageWidth":640,"ImageHeight":480,"FocalDistance":0,"FocalDistanceUnit":"","IntrinsicK":[[408.86913892956437166,0,678.47092570164841163],[0,375.70984515795265679,505.63081346647589953],[0,0,1]],"WorldToSensorDistortion":[[0.00123665414624358],[1.96771821688825419e-04],[0],[0],[0]],"SensorToWorldDistortion":[[0],[0],[0],[0],[0]],"WorldToView":[[-0.25638579205101361,0.96335728307489993,-0.07879765720452192,-78.62759454147527549],[0.96435165808190834,0.24941910810750633,-0.08840807692473582,-66.93859576107762165],[-0.06551492340717737,-0.09865522620420588,-0.99296270884336266,85.38417646257853732],[0,0,0,1]]}}